_id,BUDGET_YEAR,BUDGET_MONTH_DESC,GROUP_NAME,DUTY_NAME,PRODUCT_NAME,TAX_NETTAX_AMT,UPDATE_DATE
1,2563,ตุลาคม,ภาษียาสูบ,ยาสูบ,ซิการ์,281520.0000,2566-08-11T00:00:00
2,2563,ตุลาคม,ภาษียาสูบ,ยาสูบ,บุหรี่ซิกาแรตที่มีราคาขายปลีกแนะนำเกินกว่า 60 บาท,915380590.0000,2566-08-11T00:00:00
3,2563,ตุลาคม,ภาษียาสูบ,ยาสูบ,บุหรี่ซิกาแรตที่มีราคาขายปลีกแนะนำไม่เกิน 60 บาท,3593810080.0000,2566-08-11T00:00:00
4,2563,ตุลาคม,ภาษียาสูบ,ยาสูบ,บุหรี่อื่น,783350.0000,2566-08-11T00:00:00
5,2563,ตุลาคม,ภาษียาสูบ,ยาสูบ,ยาสูบ,97848.9500,2566-08-11T00:00:00
6,2563,ตุลาคม,ภาษียาสูบ,ยาสูบ,ยาสูบบุหรี่ซิกาแรต,94555000.0000,2566-08-11T00:00:00
7,2563,ตุลาคม,ภาษียาสูบ,ยาสูบ,ยาเคี้ยว,434940.0000,2566-08-11T00:00:00
8,2563,ตุลาคม,ภาษียาสูบ,ยาสูบ,ยาเส้นที่ผู้เพาะปลูกต้นยาสูบทำจากใบยาที่ปลูกและหั่นเองและขายให้ผู้ประกอบอุตสาหกรรมยาสูบ,8180.0000,2566-08-11T00:00:00
9,2563,ตุลาคม,ภาษียาสูบ,ยาสูบ,ยาเส้นปรุง,109160.0000,2566-08-11T00:00:00
10,2563,ตุลาคม,ภาษียาสูบ,ยาสูบ,ยาเส้นอื่น นอกจาก (ก),122459784.5500,2566-08-11T00:00:00
11,2563,พฤศจิกายน,ภาษียาสูบ,ยาสูบ,ซิการ์,2072540.0000,2566-08-11T00:00:00
12,2563,พฤศจิกายน,ภาษียาสูบ,ยาสูบ,บุหรี่ซิกาแรตที่มีราคาขายปลีกแนะนำเกินกว่า 60 บาท,575055520.0000,2566-08-11T00:00:00
13,2563,พฤศจิกายน,ภาษียาสูบ,ยาสูบ,บุหรี่ซิกาแรตที่มีราคาขายปลีกแนะนำไม่เกิน 60 บาท,3660469762.0000,2566-08-11T00:00:00
14,2563,พฤศจิกายน,ภาษียาสูบ,ยาสูบ,บุหรี่อื่น,595500.0000,2566-08-11T00:00:00
15,2563,พฤศจิกายน,ภาษียาสูบ,ยาสูบ,ยาสูบ,157463.9100,2566-08-11T00:00:00
16,2563,พฤศจิกายน,ภาษียาสูบ,ยาสูบ,ยาสูบบุหรี่ซิกาแรต,66906700.0000,2566-08-11T00:00:00
17,2563,พฤศจิกายน,ภาษียาสูบ,ยาสูบ,ยาเคี้ยว,416740.0000,2566-08-11T00:00:00
18,2563,พฤศจิกายน,ภาษียาสูบ,ยาสูบ,ยาเส้นที่ผู้เพาะปลูกต้นยาสูบทำจากใบยาที่ปลูกและหั่นเองและขายให้ผู้ประกอบอุตสาหกรรมยาสูบ,10600.0000,2566-08-11T00:00:00
19,2563,พฤศจิกายน,ภาษียาสูบ,ยาสูบ,ยาเส้นปรุง,2644270.0000,2566-08-11T00:00:00
20,2563,พฤศจิกายน,ภาษียาสูบ,ยาสูบ,ยาเส้นอื่น นอกจาก (ก),127763076.0800,2566-08-11T00:00:00
21,2563,ธันวาคม,ภาษียาสูบ,ยาสูบ,ซิการ์,309654.0000,2566-08-11T00:00:00
22,2563,ธันวาคม,ภาษียาสูบ,ยาสูบ,บุหรี่ซิกาแรตที่มีราคาขายปลีกแนะนำเกินกว่า 60 บาท,480167380.0000,2566-08-11T00:00:00
23,2563,ธันวาคม,ภาษียาสูบ,ยาสูบ,บุหรี่ซิกาแรตที่มีราคาขายปลีกแนะนำไม่เกิน 60 บาท,5124664010.0000,2566-08-11T00:00:00
24,2563,ธันวาคม,ภาษียาสูบ,ยาสูบ,บุหรี่อื่น,914650.0000,2566-08-11T00:00:00
25,2563,ธันวาคม,ภาษียาสูบ,ยาสูบ,ยาสูบ,119841.2400,2566-08-11T00:00:00
26,2563,ธันวาคม,ภาษียาสูบ,ยาสูบ,ยาสูบบุหรี่ซิกาแรต,57222906.0000,2566-08-11T00:00:00
27,2563,ธันวาคม,ภาษียาสูบ,ยาสูบ,ยาเคี้ยว,508000.0000,2566-08-11T00:00:00
28,2563,ธันวาคม,ภาษียาสูบ,ยาสูบ,ยาเส้นปรุง,1103836.0000,2566-08-11T00:00:00
29,2563,ธันวาคม,ภาษียาสูบ,ยาสูบ,ยาเส้นอื่น นอกจาก (ก),94323308.9000,2566-08-11T00:00:00
30,2563,มกราคม,ภาษียาสูบ,ยาสูบ,ซิการ์,679634.0000,2566-08-11T00:00:00
31,2563,มกราคม,ภาษียาสูบ,ยาสูบ,บุหรี่ซิกาแรตที่มีราคาขายปลีกแนะนำเกินกว่า 60 บาท,973649669.0000,2566-08-11T00:00:00
32,2563,มกราคม,ภาษียาสูบ,ยาสูบ,บุหรี่ซิกาแรตที่มีราคาขายปลีกแนะนำไม่เกิน 60 บาท,4572890040.0000,2566-08-11T00:00:00
33,2563,มกราคม,ภาษียาสูบ,ยาสูบ,บุหรี่อื่น,1013750.0000,2566-08-11T00:00:00
34,2563,มกราคม,ภาษียาสูบ,ยาสูบ,ยาสูบ,77750.0700,2566-08-11T00:00:00
35,2563,มกราคม,ภาษียาสูบ,ยาสูบ,ยาสูบบุหรี่ซิกาแรต,113565150.0000,2566-08-11T00:00:00
36,2563,มกราคม,ภาษียาสูบ,ยาสูบ,ยาเคี้ยว,413600.0000,2566-08-11T00:00:00
37,2563,มกราคม,ภาษียาสูบ,ยาสูบ,ยาเส้นที่ผู้เพาะปลูกต้นยาสูบทำจากใบยาที่ปลูกและหั่นเองและขายให้ผู้ประกอบอุตสาหกรรมยาสูบ,7000.0000,2566-08-11T00:00:00
38,2563,มกราคม,ภาษียาสูบ,ยาสูบ,ยาเส้นปรุง,1980178.0000,2566-08-11T00:00:00
39,2563,มกราคม,ภาษียาสูบ,ยาสูบ,ยาเส้นอื่น นอกจาก (ก),88537724.8000,2566-08-11T00:00:00
40,2563,กุมภาพันธ์,ภาษียาสูบ,ยาสูบ,ซิการ์,2376291.0000,2566-08-11T00:00:00
41,2563,กุมภาพันธ์,ภาษียาสูบ,ยาสูบ,บุหรี่ซิกาแรตที่มีราคาขายปลีกแนะนำเกินกว่า 60 บาท,809718134.0000,2566-08-11T00:00:00
42,2563,กุมภาพันธ์,ภาษียาสูบ,ยาสูบ,บุหรี่ซิกาแรตที่มีราคาขายปลีกแนะนำไม่เกิน 60 บาท,4378134408.1800,2566-08-11T00:00:00
43,2563,กุมภาพันธ์,ภาษียาสูบ,ยาสูบ,บุหรี่อื่น,584400.0000,2566-08-11T00:00:00
44,2563,กุมภาพันธ์,ภาษียาสูบ,ยาสูบ,ยาสูบ,1011.4200,2566-08-11T00:00:00
45,2563,กุมภาพันธ์,ภาษียาสูบ,ยาสูบ,ยาสูบบุหรี่ซิกาแรต,102120600.0000,2566-08-11T00:00:00
46,2563,กุมภาพันธ์,ภาษียาสูบ,ยาสูบ,ยาเคี้ยว,395608.0000,2566-08-11T00:00:00
47,2563,กุมภาพันธ์,ภาษียาสูบ,ยาสูบ,ยาเส้นที่ผู้เพาะปลูกต้นยาสูบทำจากใบยาที่ปลูกและหั่นเองและขายให้ผู้ประกอบอุตสาหกรรมยาสูบ,9000.0000,2566-08-11T00:00:00
48,2563,กุมภาพันธ์,ภาษียาสูบ,ยาสูบ,ยาเส้นปรุง,73976.0000,2566-08-11T00:00:00
49,2563,กุมภาพันธ์,ภาษียาสูบ,ยาสูบ,ยาเส้นอื่น นอกจาก (ก),87767463.8600,2566-08-11T00:00:00
50,2563,มีนาคม,ภาษียาสูบ,ยาสูบ,ซิการ์,2208579.0000,2566-08-11T00:00:00
51,2563,มีนาคม,ภาษียาสูบ,ยาสูบ,บุหรี่ซิกาแรตที่มีราคาขายปลีกแนะนำเกินกว่า 60 บาท,1199493268.0000,2566-08-11T00:00:00
52,2563,มีนาคม,ภาษียาสูบ,ยาสูบ,บุหรี่ซิกาแรตที่มีราคาขายปลีกแนะนำไม่เกิน 60 บาท,7038583630.0000,2566-08-11T00:00:00
53,2563,มีนาคม,ภาษียาสูบ,ยาสูบ,บุหรี่อื่น,754675.0000,2566-08-11T00:00:00
54,2563,มีนาคม,ภาษียาสูบ,ยาสูบ,ยาสูบ,900.8000,2566-08-11T00:00:00
55,2563,มีนาคม,ภาษียาสูบ,ยาสูบ,ยาสูบบุหรี่ซิกาแรต,86274300.0000,2566-08-11T00:00:00
56,2563,มีนาคม,ภาษียาสูบ,ยาสูบ,ยาเคี้ยว,452050.0000,2566-08-11T00:00:00
57,2563,มีนาคม,ภาษียาสูบ,ยาสูบ,ยาเส้นที่ผู้เพาะปลูกต้นยาสูบทำจากใบยาที่ปลูกและหั่นเองและขายให้ผู้ประกอบอุตสาหกรรมยาสูบ,10000.0000,2566-08-11T00:00:00
58,2563,มีนาคม,ภาษียาสูบ,ยาสูบ,ยาเส้นปรุง,155206.0000,2566-08-11T00:00:00
59,2563,มีนาคม,ภาษียาสูบ,ยาสูบ,ยาเส้นอื่น นอกจาก (ก),93979520.1700,2566-08-11T00:00:00
60,2563,เมษายน,ภาษียาสูบ,ยาสูบ,ซิการ์,588893.0000,2566-08-11T00:00:00
61,2563,เมษายน,ภาษียาสูบ,ยาสูบ,บุหรี่ซิกาแรตที่มีราคาขายปลีกแนะนำเกินกว่า 60 บาท,440049050.0000,2566-08-11T00:00:00
62,2563,เมษายน,ภาษียาสูบ,ยาสูบ,บุหรี่ซิกาแรตที่มีราคาขายปลีกแนะนำไม่เกิน 60 บาท,2788948800.0000,2566-08-11T00:00:00
63,2563,เมษายน,ภาษียาสูบ,ยาสูบ,บุหรี่อื่น,354325.0000,2566-08-11T00:00:00
64,2563,เมษายน,ภาษียาสูบ,ยาสูบ,ยาสูบ,34925.2700,2566-08-11T00:00:00
65,2563,เมษายน,ภาษียาสูบ,ยาสูบ,ยาสูบบุหรี่ซิกาแรต,2603.0000,2566-08-11T00:00:00
66,2563,เมษายน,ภาษียาสูบ,ยาสูบ,ยาเคี้ยว,475740.0000,2566-08-11T00:00:00
67,2563,เมษายน,ภาษียาสูบ,ยาสูบ,ยาเส้นที่ผู้เพาะปลูกต้นยาสูบทำจากใบยาที่ปลูกและหั่นเองและขายให้ผู้ประกอบอุตสาหกรรมยาสูบ,2500.0000,2566-08-11T00:00:00
68,2563,เมษายน,ภาษียาสูบ,ยาสูบ,ยาเส้นปรุง,223260.0000,2566-08-11T00:00:00
69,2563,เมษายน,ภาษียาสูบ,ยาสูบ,ยาเส้นอื่น นอกจาก (ก),90948700.8400,2566-08-11T00:00:00
70,2563,พฤษภาคม,ภาษียาสูบ,ยาสูบ,ซิการ์,1903532.6200,2566-08-11T00:00:00
71,2563,พฤษภาคม,ภาษียาสูบ,ยาสูบ,บุหรี่ซิกาแรตที่มีราคาขายปลีกแนะนำเกินกว่า 60 บาท,475404208.0000,2566-08-11T00:00:00
72,2563,พฤษภาคม,ภาษียาสูบ,ยาสูบ,บุหรี่ซิกาแรตที่มีราคาขายปลีกแนะนำไม่เกิน 60 บาท,4378842200.0000,2566-08-11T00:00:00
73,2563,พฤษภาคม,ภาษียาสูบ,ยาสูบ,บุหรี่อื่น,764225.0000,2566-08-11T00:00:00
74,2563,พฤษภาคม,ภาษียาสูบ,ยาสูบ,ยาสูบ,834.2800,2566-08-11T00:00:00
75,2563,พฤษภาคม,ภาษียาสูบ,ยาสูบ,ยาสูบบุหรี่ซิกาแรต,6520000.0000,2566-08-11T00:00:00
76,2563,พฤษภาคม,ภาษียาสูบ,ยาสูบ,ยาเคี้ยว,464600.0000,2566-08-11T00:00:00
77,2563,พฤษภาคม,ภาษียาสูบ,ยาสูบ,ยาเส้นที่ผู้เพาะปลูกต้นยาสูบทำจากใบยาที่ปลูกและหั่นเองและขายให้ผู้ประกอบอุตสาหกรรมยาสูบ,6250.0000,2566-08-11T00:00:00
78,2563,พฤษภาคม,ภาษียาสูบ,ยาสูบ,ยาเส้นปรุง,115479.0000,2566-08-11T00:00:00
79,2563,พฤษภาคม,ภาษียาสูบ,ยาสูบ,ยาเส้นอื่น นอกจาก (ก),96411904.5000,2566-08-11T00:00:00
80,2563,มิถุนายน,ภาษียาสูบ,ยาสูบ,ซิการ์,486730.9800,2566-08-11T00:00:00
81,2563,มิถุนายน,ภาษียาสูบ,ยาสูบ,บุหรี่ซิกาแรตที่มีราคาขายปลีกแนะนำเกินกว่า 60 บาท,595035288.8100,2566-08-11T00:00:00
82,2563,มิถุนายน,ภาษียาสูบ,ยาสูบ,บุหรี่ซิกาแรตที่มีราคาขายปลีกแนะนำไม่เกิน 60 บาท,3670152529.0100,2566-08-11T00:00:00
83,2563,มิถุนายน,ภาษียาสูบ,ยาสูบ,บุหรี่อื่น,889825.0000,2566-08-11T00:00:00
84,2563,มิถุนายน,ภาษียาสูบ,ยาสูบ,ยาสูบ,2757.4200,2566-08-11T00:00:00
85,2563,มิถุนายน,ภาษียาสูบ,ยาสูบ,ยาเคี้ยว,478780.0000,2566-08-11T00:00:00
86,2563,มิถุนายน,ภาษียาสูบ,ยาสูบ,ยาเส้นที่ผลิตเพื่อขายเป็นวัตถุดิบให้แก่ผู้ประกอบอุสาหกรรมยาสูบโดยตรงหรือขายผ่านผู้ค้าคนกลางตามหลักเกณฑ์ วิธีการ และเงื่อนไขที่อธิบดีประกาศกำหนด,2000.0000,2566-08-11T00:00:00
87,2563,มิถุนายน,ภาษียาสูบ,ยาสูบ,ยาเส้นที่ผู้เพาะปลูกต้นยาสูบทำจากใบยาที่ปลูกและหั่นเองและขายให้ผู้ประกอบอุตสาหกรรมยาสูบ,5625.0000,2566-08-11T00:00:00
88,2563,มิถุนายน,ภาษียาสูบ,ยาสูบ,ยาเส้นปรุง,642120.0000,2566-08-11T00:00:00
89,2563,มิถุนายน,ภาษียาสูบ,ยาสูบ,ยาเส้นอื่น นอกจาก (ก),110974101.7000,2566-08-11T00:00:00
90,2563,กรกฏาคม,ภาษียาสูบ,ยาสูบ,ซิการ์,2858140.3100,2566-08-11T00:00:00
91,2563,กรกฏาคม,ภาษียาสูบ,ยาสูบ,บุหรี่ซิกาแรตที่มีราคาขายปลีกแนะนำเกินกว่า 60 บาท,553293364.5000,2566-08-11T00:00:00
92,2563,กรกฏาคม,ภาษียาสูบ,ยาสูบ,บุหรี่ซิกาแรตที่มีราคาขายปลีกแนะนำไม่เกิน 60 บาท,5264845140.0000,2566-08-11T00:00:00
93,2563,กรกฏาคม,ภาษียาสูบ,ยาสูบ,บุหรี่อื่น,705825.0000,2566-08-11T00:00:00
94,2563,กรกฏาคม,ภาษียาสูบ,ยาสูบ,ยาสูบ,4494.9000,2566-08-11T00:00:00
95,2563,กรกฏาคม,ภาษียาสูบ,ยาสูบ,ยาสูบบุหรี่ซิกาแรต,171.0000,2566-08-11T00:00:00
96,2563,กรกฏาคม,ภาษียาสูบ,ยาสูบ,ยาเคี้ยว,584500.0000,2566-08-11T00:00:00
97,2563,กรกฏาคม,ภาษียาสูบ,ยาสูบ,ยาเส้นที่ผู้เพาะปลูกต้นยาสูบทำจากใบยาที่ปลูกและหั่นเองและขายให้ผู้ประกอบอุตสาหกรรมยาสูบ,7500.0000,2566-08-11T00:00:00
98,2563,กรกฏาคม,ภาษียาสูบ,ยาสูบ,ยาเส้นปรุง,86980.0000,2566-08-11T00:00:00
99,2563,กรกฏาคม,ภาษียาสูบ,ยาสูบ,ยาเส้นอื่น นอกจาก (ก),101468628.1700,2566-08-11T00:00:00
100,2563,สิงหาคม,ภาษียาสูบ,ยาสูบ,ซิการ์,4529890.3800,2566-08-11T00:00:00
101,2563,สิงหาคม,ภาษียาสูบ,ยาสูบ,บุหรี่ซิกาแรตที่มีราคาขายปลีกแนะนำเกินกว่า 60 บาท,527986720.0000,2566-08-11T00:00:00
102,2563,สิงหาคม,ภาษียาสูบ,ยาสูบ,บุหรี่ซิกาแรตที่มีราคาขายปลีกแนะนำไม่เกิน 60 บาท,4499507900.0000,2566-08-11T00:00:00
103,2563,สิงหาคม,ภาษียาสูบ,ยาสูบ,บุหรี่อื่น,739985.0000,2566-08-11T00:00:00
104,2563,สิงหาคม,ภาษียาสูบ,ยาสูบ,ยาสูบ,5488.4300,2566-08-11T00:00:00
105,2563,สิงหาคม,ภาษียาสูบ,ยาสูบ,ยาสูบบุหรี่ซิกาแรต,1993.6000,2566-08-11T00:00:00
106,2563,สิงหาคม,ภาษียาสูบ,ยาสูบ,ยาเคี้ยว,501528.0000,2566-08-11T00:00:00
107,2563,สิงหาคม,ภาษียาสูบ,ยาสูบ,ยาเส้นที่ผู้เพาะปลูกต้นยาสูบทำจากใบยาที่ปลูกและหั่นเองและขายให้ผู้ประกอบอุตสาหกรรมยาสูบ,7500.0000,2566-08-11T00:00:00
108,2563,สิงหาคม,ภาษียาสูบ,ยาสูบ,ยาเส้นปรุง,51501.9000,2566-08-11T00:00:00
109,2563,สิงหาคม,ภาษียาสูบ,ยาสูบ,ยาเส้นอื่น นอกจาก (ก),89357976.3700,2566-08-11T00:00:00
110,2563,กันยายน,ภาษียาสูบ,ยาสูบ,ซิการ์,676021.4600,2566-08-11T00:00:00
111,2563,กันยายน,ภาษียาสูบ,ยาสูบ,บุหรี่ซิกาแรตที่มีราคาขายปลีกแนะนำเกินกว่า 60 บาท,313460449.0000,2566-08-11T00:00:00
112,2563,กันยายน,ภาษียาสูบ,ยาสูบ,บุหรี่ซิกาแรตที่มีราคาขายปลีกแนะนำไม่เกิน 60 บาท,4306108776.0000,2566-08-11T00:00:00
113,2563,กันยายน,ภาษียาสูบ,ยาสูบ,บุหรี่อื่น,652800.0000,2566-08-11T00:00:00
114,2563,กันยายน,ภาษียาสูบ,ยาสูบ,ยาสูบ,17380.7100,2566-08-11T00:00:00
115,2563,กันยายน,ภาษียาสูบ,ยาสูบ,ยาสูบบุหรี่ซิกาแรต,789.0000,2566-08-11T00:00:00
116,2563,กันยายน,ภาษียาสูบ,ยาสูบ,ยาเคี้ยว,567624.5200,2566-08-11T00:00:00
117,2563,กันยายน,ภาษียาสูบ,ยาสูบ,ยาเส้นปรุง,279623.2200,2566-08-11T00:00:00
118,2563,กันยายน,ภาษียาสูบ,ยาสูบ,ยาเส้นอื่น นอกจาก (ก),96608976.6600,2566-08-11T00:00:00
119,2563,กันยายน,ภาษียาสูบ,ยาสูบ,ยาเส้นอื่น นอกจาก (ก) อื่นๆ นอกจาก (1),4.0000,2566-08-11T00:00:00
120,2564,ตุลาคม,ภาษียาสูบ,ยาสูบ,ซิการ์,2787855.4700,2566-08-11T00:00:00
121,2564,ตุลาคม,ภาษียาสูบ,ยาสูบ,บุหรี่ซิกาแรตที่มีราคาขายปลีกแนะนำเกินกว่า 60 บาท,623498854.5600,2566-08-11T00:00:00
122,2564,ตุลาคม,ภาษียาสูบ,ยาสูบ,บุหรี่ซิกาแรตที่มีราคาขายปลีกแนะนำไม่เกิน 60 บาท,4942607205.7000,2566-08-11T00:00:00
123,2564,ตุลาคม,ภาษียาสูบ,ยาสูบ,บุหรี่อื่น,382200.0000,2566-08-11T00:00:00
124,2564,ตุลาคม,ภาษียาสูบ,ยาสูบ,ยาสูบ,1330.0000,2566-08-11T00:00:00
125,2564,ตุลาคม,ภาษียาสูบ,ยาสูบ,ยาสูบบุหรี่ซิกาแรต,22733.1200,2566-08-11T00:00:00
126,2564,ตุลาคม,ภาษียาสูบ,ยาสูบ,ยาเคี้ยว,556305.0000,2566-08-11T00:00:00
127,2564,ตุลาคม,ภาษียาสูบ,ยาสูบ,ยาเส้นที่ผู้เพาะปลูกต้นยาสูบทำจากใบยาที่ปลูกและหั่นเองและขายให้ผู้ประกอบอุตสาหกรรมยาสูบ,3750.0000,2566-08-11T00:00:00
128,2564,ตุลาคม,ภาษียาสูบ,ยาสูบ,ยาเส้นปรุง,34857.0200,2566-08-11T00:00:00
129,2564,ตุลาคม,ภาษียาสูบ,ยาสูบ,ยาเส้นอื่น นอกจาก (ก),91367084.7500,2566-08-11T00:00:00
130,2564,พฤศจิกายน,ภาษียาสูบ,ยาสูบ,ซิการ์,2934319.2000,2566-08-11T00:00:00
131,2564,พฤศจิกายน,ภาษียาสูบ,ยาสูบ,บุหรี่ซิกาแรตที่มีราคาขายปลีกแนะนำเกินกว่า 60 บาท,611949249.7600,2566-08-11T00:00:00
132,2564,พฤศจิกายน,ภาษียาสูบ,ยาสูบ,บุหรี่ซิกาแรตที่มีราคาขายปลีกแนะนำไม่เกิน 60 บาท,4678491384.2800,2566-08-11T00:00:00
133,2564,พฤศจิกายน,ภาษียาสูบ,ยาสูบ,บุหรี่อื่น,626595.0000,2566-08-11T00:00:00
134,2564,พฤศจิกายน,ภาษียาสูบ,ยาสูบ,ยาสูบ,318032.0000,2566-08-11T00:00:00
135,2564,พฤศจิกายน,ภาษียาสูบ,ยาสูบ,ยาสูบบุหรี่ซิกาแรต,1244.0000,2566-08-11T00:00:00
136,2564,พฤศจิกายน,ภาษียาสูบ,ยาสูบ,ยาเคี้ยว,349261.0000,2566-08-11T00:00:00
137,2564,พฤศจิกายน,ภาษียาสูบ,ยาสูบ,ยาเส้นที่ผู้เพาะปลูกต้นยาสูบทำจากใบยาที่ปลูกและหั่นเองและขายให้ผู้ประกอบอุตสาหกรรมยาสูบ,7500.0000,2566-08-11T00:00:00
138,2564,พฤศจิกายน,ภาษียาสูบ,ยาสูบ,ยาเส้นปรุง,160869.7000,2566-08-11T00:00:00
139,2564,พฤศจิกายน,ภาษียาสูบ,ยาสูบ,ยาเส้นอื่น นอกจาก (ก),99879630.3800,2566-08-11T00:00:00
140,2564,ธันวาคม,ภาษียาสูบ,ยาสูบ,ซิการ์,331476.5100,2566-08-11T00:00:00
141,2564,ธันวาคม,ภาษียาสูบ,ยาสูบ,บุหรี่ซิกาแรตที่มีราคาขายปลีกแนะนำเกินกว่า 60 บาท,481597280.0000,2566-08-11T00:00:00
142,2564,ธันวาคม,ภาษียาสูบ,ยาสูบ,บุหรี่ซิกาแรตที่มีราคาขายปลีกแนะนำไม่เกิน 60 บาท,4769384160.0000,2566-08-11T00:00:00
143,2564,ธันวาคม,ภาษียาสูบ,ยาสูบ,บุหรี่อื่น,679150.0000,2566-08-11T00:00:00
144,2564,ธันวาคม,ภาษียาสูบ,ยาสูบ,ยาสูบ,476.5500,2566-08-11T00:00:00
145,2564,ธันวาคม,ภาษียาสูบ,ยาสูบ,ยาเคี้ยว,520547.0000,2566-08-11T00:00:00
146,2564,ธันวาคม,ภาษียาสูบ,ยาสูบ,ยาเส้นที่ผู้เพาะปลูกต้นยาสูบทำจากใบยาที่ปลูกและหั่นเองและขายให้ผู้ประกอบอุตสาหกรรมยาสูบ,7500.0000,2566-08-11T00:00:00
147,2564,ธันวาคม,ภาษียาสูบ,ยาสูบ,ยาเส้นปรุง,2914845.0800,2566-08-11T00:00:00
148,2564,ธันวาคม,ภาษียาสูบ,ยาสูบ,ยาเส้นอื่น นอกจาก (ก),105105957.0000,2566-08-11T00:00:00
149,2564,ธันวาคม,ภาษียาสูบ,ยาสูบ,ยาเส้นอื่น นอกจาก (ก) อื่นๆ นอกจาก (1),8000.0000,2566-08-11T00:00:00
150,2564,มกราคม,ภาษียาสูบ,ยาสูบ,ซิการ์,32868.4000,2566-08-11T00:00:00
151,2564,มกราคม,ภาษียาสูบ,ยาสูบ,บุหรี่ซิกาแรตที่มีราคาขายปลีกแนะนำเกินกว่า 60 บาท,544198763.0000,2566-08-11T00:00:00
152,2564,มกราคม,ภาษียาสูบ,ยาสูบ,บุหรี่ซิกาแรตที่มีราคาขายปลีกแนะนำไม่เกิน 60 บาท,4450178200.0000,2566-08-11T00:00:00
153,2564,มกราคม,ภาษียาสูบ,ยาสูบ,บุหรี่อื่น,594775.0000,2566-08-11T00:00:00
154,2564,มกราคม,ภาษียาสูบ,ยาสูบ,ยาสูบบุหรี่ซิกาแรต,352.0000,2566-08-11T00:00:00
155,2564,มกราคม,ภาษียาสูบ,ยาสูบ,ยาเคี้ยว,386673.0000,2566-08-11T00:00:00
156,2564,มกราคม,ภาษียาสูบ,ยาสูบ,ยาเส้นที่ผลิตเพื่อขายเป็นวัตถุดิบให้แก่ผู้ประกอบอุสาหกรรมยาสูบโดยตรงหรือขายผ่านผู้ค้าคนกลางตามหลักเกณฑ์ วิธีการ และเงื่อนไขที่อธิบดีประกาศกำหนด,3750.0000,2566-08-11T00:00:00
157,2564,มกราคม,ภาษียาสูบ,ยาสูบ,ยาเส้นปรุง,1725787.2800,2566-08-11T00:00:00
158,2564,มกราคม,ภาษียาสูบ,ยาสูบ,ยาเส้นอื่น นอกจาก (ก),67446626.8500,2566-08-11T00:00:00
159,2564,กุมภาพันธ์,ภาษียาสูบ,ยาสูบ,ซิการ์,3974808.5400,2566-08-11T00:00:00
160,2564,กุมภาพันธ์,ภาษียาสูบ,ยาสูบ,บุหรี่ซิกาแรตที่มีราคาขายปลีกแนะนำเกินกว่า 60 บาท,375854880.0000,2566-08-11T00:00:00
161,2564,กุมภาพันธ์,ภาษียาสูบ,ยาสูบ,บุหรี่ซิกาแรตที่มีราคาขายปลีกแนะนำไม่เกิน 60 บาท,4189057440.0000,2566-08-11T00:00:00
162,2564,กุมภาพันธ์,ภาษียาสูบ,ยาสูบ,บุหรี่อื่น,401700.0000,2566-08-11T00:00:00
163,2564,กุมภาพันธ์,ภาษียาสูบ,ยาสูบ,ยาสูบ,115.9100,2566-08-11T00:00:00
164,2564,กุมภาพันธ์,ภาษียาสูบ,ยาสูบ,ยาเคี้ยว,380628.0000,2566-08-11T00:00:00
165,2564,กุมภาพันธ์,ภาษียาสูบ,ยาสูบ,ยาเส้นที่ผู้เพาะปลูกต้นยาสูบทำจากใบยาที่ปลูกและหั่นเองและขายให้ผู้ประกอบอุตสาหกรรมยาสูบ,11250.0000,2566-08-11T00:00:00
166,2564,กุมภาพันธ์,ภาษียาสูบ,ยาสูบ,ยาเส้นปรุง,65271.7000,2566-08-11T00:00:00
167,2564,กุมภาพันธ์,ภาษียาสูบ,ยาสูบ,ยาเส้นอื่น นอกจาก (ก),79250514.5000,2566-08-11T00:00:00
168,2564,มีนาคม,ภาษียาสูบ,ยาสูบ,ซิการ์,3159898.9100,2566-08-11T00:00:00
169,2564,มีนาคม,ภาษียาสูบ,ยาสูบ,บุหรี่ซิกาแรตที่มีราคาขายปลีกแนะนำเกินกว่า 60 บาท,388261446.7100,2566-08-11T00:00:00
170,2564,มีนาคม,ภาษียาสูบ,ยาสูบ,บุหรี่ซิกาแรตที่มีราคาขายปลีกแนะนำไม่เกิน 60 บาท,5278506125.6400,2566-08-11T00:00:00
171,2564,มีนาคม,ภาษียาสูบ,ยาสูบ,บุหรี่อื่น,507900.0000,2566-08-11T00:00:00
172,2564,มีนาคม,ภาษียาสูบ,ยาสูบ,ยาสูบ,42675.5000,2566-08-11T00:00:00
173,2564,มีนาคม,ภาษียาสูบ,ยาสูบ,ยาเคี้ยว,337353.0000,2566-08-11T00:00:00
174,2564,มีนาคม,ภาษียาสูบ,ยาสูบ,ยาเส้นที่ผู้เพาะปลูกต้นยาสูบทำจากใบยาที่ปลูกและหั่นเองและขายให้ผู้ประกอบอุตสาหกรรมยาสูบ,7500.0000,2566-08-11T00:00:00
175,2564,มีนาคม,ภาษียาสูบ,ยาสูบ,ยาเส้นปรุง,142119.2200,2566-08-11T00:00:00
176,2564,มีนาคม,ภาษียาสูบ,ยาสูบ,ยาเส้นอื่น นอกจาก (ก),96769729.8400,2566-08-11T00:00:00
177,2564,เมษายน,ภาษียาสูบ,ยาสูบ,ซิการ์,1487473.2800,2566-08-11T00:00:00
178,2564,เมษายน,ภาษียาสูบ,ยาสูบ,บุหรี่ซิกาแรตที่มีราคาขายปลีกแนะนำเกินกว่า 60 บาท,994936083.0000,2566-08-11T00:00:00
179,2564,เมษายน,ภาษียาสูบ,ยาสูบ,บุหรี่ซิกาแรตที่มีราคาขายปลีกแนะนำไม่เกิน 60 บาท,4905640880.0000,2566-08-11T00:00:00
180,2564,เมษายน,ภาษียาสูบ,ยาสูบ,บุหรี่อื่น,780075.0000,2566-08-11T00:00:00
181,2564,เมษายน,ภาษียาสูบ,ยาสูบ,ยาสูบ,182.1900,2566-08-11T00:00:00
182,2564,เมษายน,ภาษียาสูบ,ยาสูบ,ยาเคี้ยว,801765.0000,2566-08-11T00:00:00
183,2564,เมษายน,ภาษียาสูบ,ยาสูบ,ยาเส้นที่ผู้เพาะปลูกต้นยาสูบทำจากใบยาที่ปลูกและหั่นเองและขายให้ผู้ประกอบอุตสาหกรรมยาสูบ,7500.0000,2566-08-11T00:00:00
184,2564,เมษายน,ภาษียาสูบ,ยาสูบ,ยาเส้นปรุง,2154823.7200,2566-08-11T00:00:00
185,2564,เมษายน,ภาษียาสูบ,ยาสูบ,ยาเส้นอื่น นอกจาก (ก),68641552.6600,2566-08-11T00:00:00
186,2564,พฤษภาคม,ภาษียาสูบ,ยาสูบ,ซิการ์,2941488.8300,2566-08-11T00:00:00
187,2564,พฤษภาคม,ภาษียาสูบ,ยาสูบ,บุหรี่ซิกาแรตที่มีราคาขายปลีกแนะนำเกินกว่า 60 บาท,264770720.0000,2566-08-11T00:00:00
188,2564,พฤษภาคม,ภาษียาสูบ,ยาสูบ,บุหรี่ซิกาแรตที่มีราคาขายปลีกแนะนำไม่เกิน 60 บาท,4776240160.0000,2566-08-11T00:00:00
189,2564,พฤษภาคม,ภาษียาสูบ,ยาสูบ,บุหรี่อื่น,200500.0000,2566-08-11T00:00:00
190,2564,พฤษภาคม,ภาษียาสูบ,ยาสูบ,ยาเคี้ยว,476685.0000,2566-08-11T00:00:00
191,2564,พฤษภาคม,ภาษียาสูบ,ยาสูบ,ยาเส้นปรุง,87542.0000,2566-08-11T00:00:00
192,2564,พฤษภาคม,ภาษียาสูบ,ยาสูบ,ยาเส้นอื่น นอกจาก (ก),85679974.6600,2566-08-11T00:00:00
193,2564,มิถุนายน,ภาษียาสูบ,ยาสูบ,ซิการ์,935643.6300,2566-08-11T00:00:00
194,2564,มิถุนายน,ภาษียาสูบ,ยาสูบ,บุหรี่ซิกาแรตที่มีราคาขายปลีกแนะนำเกินกว่า 60 บาท,423582960.0000,2566-08-11T00:00:00
195,2564,มิถุนายน,ภาษียาสูบ,ยาสูบ,บุหรี่ซิกาแรตที่มีราคาขายปลีกแนะนำไม่เกิน 60 บาท,4743112530.0000,2566-08-11T00:00:00
196,2564,มิถุนายน,ภาษียาสูบ,ยาสูบ,บุหรี่อื่น,439200.0000,2566-08-11T00:00:00
197,2564,มิถุนายน,ภาษียาสูบ,ยาสูบ,ยาเคี้ยว,681868.0000,2566-08-11T00:00:00
198,2564,มิถุนายน,ภาษียาสูบ,ยาสูบ,ยาเส้นที่ผู้เพาะปลูกต้นยาสูบทำจากใบยาที่ปลูกและหั่นเองและขายให้ผู้ประกอบอุตสาหกรรมยาสูบ,3750.0000,2566-08-11T00:00:00
199,2564,มิถุนายน,ภาษียาสูบ,ยาสูบ,ยาเส้นปรุง,3524828.5600,2566-08-11T00:00:00
200,2564,มิถุนายน,ภาษียาสูบ,ยาสูบ,ยาเส้นอื่น นอกจาก (ก),77235614.3400,2566-08-11T00:00:00
201,2564,กรกฏาคม,ภาษียาสูบ,ยาสูบ,ซิการ์,1796498.0000,2566-08-11T00:00:00
202,2564,กรกฏาคม,ภาษียาสูบ,ยาสูบ,บุหรี่ซิกาแรตที่มีราคาขายปลีกแนะนำเกินกว่า 60 บาท,508737600.0000,2566-08-11T00:00:00
203,2564,กรกฏาคม,ภาษียาสูบ,ยาสูบ,บุหรี่ซิกาแรตที่มีราคาขายปลีกแนะนำไม่เกิน 60 บาท,5040884100.0000,2566-08-11T00:00:00
204,2564,กรกฏาคม,ภาษียาสูบ,ยาสูบ,บุหรี่อื่น,341300.0000,2566-08-11T00:00:00
205,2564,กรกฏาคม,ภาษียาสูบ,ยาสูบ,ยาสูบ,12057.7000,2566-08-11T00:00:00
206,2564,กรกฏาคม,ภาษียาสูบ,ยาสูบ,ยาเคี้ยว,470970.0000,2566-08-11T00:00:00
207,2564,กรกฏาคม,ภาษียาสูบ,ยาสูบ,ยาเส้นที่ผู้เพาะปลูกต้นยาสูบทำจากใบยาที่ปลูกและหั่นเองและขายให้ผู้ประกอบอุตสาหกรรมยาสูบ,3750.0000,2566-08-11T00:00:00
208,2564,กรกฏาคม,ภาษียาสูบ,ยาสูบ,ยาเส้นปรุง,2289259.1700,2566-08-11T00:00:00
209,2564,กรกฏาคม,ภาษียาสูบ,ยาสูบ,ยาเส้นอื่น นอกจาก (ก),81257880.3000,2566-08-11T00:00:00
210,2564,สิงหาคม,ภาษียาสูบ,ยาสูบ,ซิการ์,681887.1000,2566-08-11T00:00:00
211,2564,สิงหาคม,ภาษียาสูบ,ยาสูบ,บุหรี่ซิกาแรตที่มีราคาขายปลีกแนะนำเกินกว่า 60 บาท,312878500.7500,2566-08-11T00:00:00
212,2564,สิงหาคม,ภาษียาสูบ,ยาสูบ,บุหรี่ซิกาแรตที่มีราคาขายปลีกแนะนำไม่เกิน 60 บาท,4365772200.0000,2566-08-11T00:00:00
213,2564,สิงหาคม,ภาษียาสูบ,ยาสูบ,บุหรี่อื่น,356750.0000,2566-08-11T00:00:00
214,2564,สิงหาคม,ภาษียาสูบ,ยาสูบ,ยาสูบ,2926.8000,2566-08-11T00:00:00
215,2564,สิงหาคม,ภาษียาสูบ,ยาสูบ,ยาสูบบุหรี่ซิกาแรต,1184.8200,2566-08-11T00:00:00
216,2564,สิงหาคม,ภาษียาสูบ,ยาสูบ,ยาเคี้ยว,414850.0000,2566-08-11T00:00:00
217,2564,สิงหาคม,ภาษียาสูบ,ยาสูบ,ยาเส้นที่ผู้เพาะปลูกต้นยาสูบทำจากใบยาที่ปลูกและหั่นเองและขายให้ผู้ประกอบอุตสาหกรรมยาสูบ,15000.0000,2566-08-11T00:00:00
218,2564,สิงหาคม,ภาษียาสูบ,ยาสูบ,ยาเส้นปรุง,2176278.4000,2566-08-11T00:00:00
219,2564,สิงหาคม,ภาษียาสูบ,ยาสูบ,ยาเส้นอื่น นอกจาก (ก),88459757.2000,2566-08-11T00:00:00
220,2564,กันยายน,ภาษียาสูบ,ยาสูบ,ซิการ์,1377888.8700,2566-08-11T00:00:00
221,2564,กันยายน,ภาษียาสูบ,ยาสูบ,บุหรี่ซิกาแรตที่มีราคาขายปลีกแนะนำเกินกว่า 60 บาท,259745600.0000,2566-08-11T00:00:00
222,2564,กันยายน,ภาษียาสูบ,ยาสูบ,บุหรี่ซิกาแรตที่มีราคาขายปลีกแนะนำไม่เกิน 60 บาท,5176462120.0400,2566-08-11T00:00:00
223,2564,กันยายน,ภาษียาสูบ,ยาสูบ,บุหรี่อื่น,410000.0000,2566-08-11T00:00:00
224,2564,กันยายน,ภาษียาสูบ,ยาสูบ,ยาสูบ,9083.8500,2566-08-11T00:00:00
225,2564,กันยายน,ภาษียาสูบ,ยาสูบ,ยาสูบบุหรี่ซิกาแรต,3309.9600,2566-08-11T00:00:00
226,2564,กันยายน,ภาษียาสูบ,ยาสูบ,ยาเคี้ยว,429250.0000,2566-08-11T00:00:00
227,2564,กันยายน,ภาษียาสูบ,ยาสูบ,ยาเส้นที่ผู้เพาะปลูกต้นยาสูบทำจากใบยาที่ปลูกและหั่นเองและขายให้ผู้ประกอบอุตสาหกรรมยาสูบ,10000.0000,2566-08-11T00:00:00
228,2564,กันยายน,ภาษียาสูบ,ยาสูบ,ยาเส้นปรุง,865499.7900,2566-08-11T00:00:00
229,2564,กันยายน,ภาษียาสูบ,ยาสูบ,ยาเส้นอื่น นอกจาก (ก),103285525.0500,2566-08-11T00:00:00
230,2564,กันยายน,ภาษียาสูบ,ยาสูบ,ยาเส้นอื่น นอกจาก (ก) อื่นๆ นอกจาก (1),139750.0000,2566-08-11T00:00:00
231,2565,ตุลาคม,ภาษียาสูบ,ยาสูบ,บุหรี่ซิกาแรตที่มีราคาขายปลีกแนะนำเกินกว่า 60 บาท,490104.0000,2566-08-11T00:00:00
232,2565,ตุลาคม,ภาษียาสูบ,ยาสูบ,บุหรี่ซิกาแรตที่มีราคาขายปลีกแนะนำเกินซองละ 72 บาท,517639506.4200,2566-08-11T00:00:00
233,2565,ตุลาคม,ภาษียาสูบ,ยาสูบ,บุหรี่ซิกาแรตที่มีราคาขายปลีกแนะนำไม่เกินซองละ 72 บาท,2945925247.5200,2566-08-11T00:00:00
234,2565,ตุลาคม,ภาษียาสูบ,ยาสูบ,บุหรี่อื่น,505825.0000,2566-08-11T00:00:00
235,2565,ตุลาคม,ภาษียาสูบ,ยาสูบ,ยาสูบบุหรี่ซิกาแรต,12.0000,2566-08-11T00:00:00
236,2565,ตุลาคม,ภาษียาสูบ,ยาสูบ,ยาเคี้ยว,484282.0000,2566-08-11T00:00:00
237,2565,ตุลาคม,ภาษียาสูบ,ยาสูบ,ยาเส้นปรุง,2758940.4000,2566-08-11T00:00:00
238,2565,ตุลาคม,ภาษียาสูบ,ยาสูบ,ยาเส้นอื่น นอกจาก (ก),79510659.1500,2566-08-11T00:00:00
239,2565,ตุลาคม,ภาษียาสูบ,ยาสูบ,ยาเส้นอื่น นอกจาก (ก) อื่นๆ นอกจาก (1),189125.0000,2566-08-11T00:00:00
240,2565,พฤศจิกายน,ภาษียาสูบ,ยาสูบ,ซิการ์,2974117.0000,2566-08-11T00:00:00
241,2565,พฤศจิกายน,ภาษียาสูบ,ยาสูบ,บุหรี่ซิกาแรตที่มีราคาขายปลีกแนะนำเกินซองละ 72 บาท,539829204.0000,2566-08-11T00:00:00
242,2565,พฤศจิกายน,ภาษียาสูบ,ยาสูบ,บุหรี่ซิกาแรตที่มีราคาขายปลีกแนะนำไม่เกินซองละ 72 บาท,3958101043.0000,2566-08-11T00:00:00
243,2565,พฤศจิกายน,ภาษียาสูบ,ยาสูบ,บุหรี่อื่น,590915.0000,2566-08-11T00:00:00
244,2565,พฤศจิกายน,ภาษียาสูบ,ยาสูบ,ยาสูบ,12997.7600,2566-08-11T00:00:00
245,2565,พฤศจิกายน,ภาษียาสูบ,ยาสูบ,ยาเคี้ยว,613075.0000,2566-08-11T00:00:00
246,2565,พฤศจิกายน,ภาษียาสูบ,ยาสูบ,ยาเส้นปรุง,2915341.6800,2566-08-11T00:00:00
247,2565,พฤศจิกายน,ภาษียาสูบ,ยาสูบ,ยาเส้นอื่น นอกจาก (ก),92250698.0000,2566-08-11T00:00:00
248,2565,พฤศจิกายน,ภาษียาสูบ,ยาสูบ,"ยาเส้นอื่น นอกจาก (ก) ปริมาณไม่เกิน 12,000 กิโลกรรมต่อปี ตามหลักเกณฑ์ วิธีการและเงื่อนไขที่อธิบดีประกาศกำหนด",13.0000,2566-08-11T00:00:00
249,2565,พฤศจิกายน,ภาษียาสูบ,ยาสูบ,ยาเส้นอื่น นอกจาก (ก) อื่นๆ นอกจาก (1),110000.0000,2566-08-11T00:00:00
250,2565,ธันวาคม,ภาษียาสูบ,ยาสูบ,ซิการ์,593080.0000,2566-08-11T00:00:00
251,2565,ธันวาคม,ภาษียาสูบ,ยาสูบ,บุหรี่ซิกาแรตที่มีราคาขายปลีกแนะนำเกินซองละ 72 บาท,354381078.3000,2566-08-11T00:00:00
252,2565,ธันวาคม,ภาษียาสูบ,ยาสูบ,บุหรี่ซิกาแรตที่มีราคาขายปลีกแนะนำไม่เกินซองละ 72 บาท,4953127041.0000,2566-08-11T00:00:00
253,2565,ธันวาคม,ภาษียาสูบ,ยาสูบ,บุหรี่อื่น,516550.0000,2566-08-11T00:00:00
254,2565,ธันวาคม,ภาษียาสูบ,ยาสูบ,ยาสูบ,1506.1600,2566-08-11T00:00:00
255,2565,ธันวาคม,ภาษียาสูบ,ยาสูบ,ยาเคี้ยว,723625.0000,2566-08-11T00:00:00
256,2565,ธันวาคม,ภาษียาสูบ,ยาสูบ,ยาเส้นที่ผู้เพาะปลูกต้นยาสูบทำจากใบยาที่ปลูกและหั่นเองและขายให้ผู้ประกอบอุตสาหกรรมยาสูบ,2500.0000,2566-08-11T00:00:00
257,2565,ธันวาคม,ภาษียาสูบ,ยาสูบ,ยาเส้นปรุง,1229374.4200,2566-08-11T00:00:00
258,2565,ธันวาคม,ภาษียาสูบ,ยาสูบ,ยาเส้นอื่น นอกจาก (ก),102471497.2600,2566-08-11T00:00:00
259,2565,ธันวาคม,ภาษียาสูบ,ยาสูบ,ยาเส้นอื่น นอกจาก (ก) อื่นๆ นอกจาก (1),47500.0000,2566-08-11T00:00:00
260,2565,มกราคม,ภาษียาสูบ,ยาสูบ,ซิการ์,499300.0000,2566-08-11T00:00:00
261,2565,มกราคม,ภาษียาสูบ,ยาสูบ,บุหรี่ซิกาแรตที่มีราคาขายปลีกแนะนำเกินซองละ 72 บาท,589969464.0000,2566-08-11T00:00:00
262,2565,มกราคม,ภาษียาสูบ,ยาสูบ,บุหรี่ซิกาแรตที่มีราคาขายปลีกแนะนำไม่เกินซองละ 72 บาท,5036890474.0000,2566-08-11T00:00:00
263,2565,มกราคม,ภาษียาสูบ,ยาสูบ,บุหรี่อื่น,728375.0000,2566-08-11T00:00:00
264,2565,มกราคม,ภาษียาสูบ,ยาสูบ,ยาเคี้ยว,441012.0000,2566-08-11T00:00:00
265,2565,มกราคม,ภาษียาสูบ,ยาสูบ,ยาเส้นที่ผู้เพาะปลูกต้นยาสูบทำจากใบยาที่ปลูกและหั่นเองและขายให้ผู้ประกอบอุตสาหกรรมยาสูบ,10000.0000,2566-08-11T00:00:00
266,2565,มกราคม,ภาษียาสูบ,ยาสูบ,ยาเส้นปรุง,1261880.7000,2566-08-11T00:00:00
267,2565,มกราคม,ภาษียาสูบ,ยาสูบ,ยาเส้นอื่น นอกจาก (ก),73750829.6000,2566-08-11T00:00:00
268,2565,มกราคม,ภาษียาสูบ,ยาสูบ,ยาเส้นอื่น นอกจาก (ก) อื่นๆ นอกจาก (1),25150.0000,2566-08-11T00:00:00
269,2565,กุมภาพันธ์,ภาษียาสูบ,ยาสูบ,ซิการ์,2571189.0000,2566-08-11T00:00:00
270,2565,กุมภาพันธ์,ภาษียาสูบ,ยาสูบ,บุหรี่ซิกาแรตที่มีราคาขายปลีกแนะนำเกินซองละ 72 บาท,354952029.0000,2566-08-11T00:00:00
271,2565,กุมภาพันธ์,ภาษียาสูบ,ยาสูบ,บุหรี่ซิกาแรตที่มีราคาขายปลีกแนะนำไม่เกินซองละ 72 บาท,4877317768.0000,2566-08-11T00:00:00
272,2565,กุมภาพันธ์,ภาษียาสูบ,ยาสูบ,บุหรี่อื่น,705525.0000,2566-08-11T00:00:00
273,2565,กุมภาพันธ์,ภาษียาสูบ,ยาสูบ,ยาสูบ,74.9700,2566-08-11T00:00:00
274,2565,กุมภาพันธ์,ภาษียาสูบ,ยาสูบ,ยาเคี้ยว,397834.0000,2566-08-11T00:00:00
275,2565,กุมภาพันธ์,ภาษียาสูบ,ยาสูบ,ยาเส้นที่ผู้เพาะปลูกต้นยาสูบทำจากใบยาที่ปลูกและหั่นเองและขายให้ผู้ประกอบอุตสาหกรรมยาสูบ,2500.0000,2566-08-11T00:00:00
276,2565,กุมภาพันธ์,ภาษียาสูบ,ยาสูบ,ยาเส้นปรุง,106150.1000,2566-08-11T00:00:00
277,2565,กุมภาพันธ์,ภาษียาสูบ,ยาสูบ,ยาเส้นอื่น นอกจาก (ก),76047546.4000,2566-08-11T00:00:00
278,2565,กุมภาพันธ์,ภาษียาสูบ,ยาสูบ,ยาเส้นอื่น นอกจาก (ก) อื่นๆ นอกจาก (1),98250.0000,2566-08-11T00:00:00
279,2565,มีนาคม,ภาษียาสูบ,ยาสูบ,ซิการ์,1091126.0000,2566-08-11T00:00:00
280,2565,มีนาคม,ภาษียาสูบ,ยาสูบ,บุหรี่ซิกาแรตที่มีราคาขายปลีกแนะนำเกินซองละ 72 บาท,473117297.0000,2566-08-11T00:00:00
281,2565,มีนาคม,ภาษียาสูบ,ยาสูบ,บุหรี่ซิกาแรตที่มีราคาขายปลีกแนะนำไม่เกินซองละ 72 บาท,5233934100.0000,2566-08-11T00:00:00
282,2565,มีนาคม,ภาษียาสูบ,ยาสูบ,บุหรี่อื่น,844750.0000,2566-08-11T00:00:00
283,2565,มีนาคม,ภาษียาสูบ,ยาสูบ,ยาเคี้ยว,487419.0000,2566-08-11T00:00:00
284,2565,มีนาคม,ภาษียาสูบ,ยาสูบ,ยาเส้นที่ผู้เพาะปลูกต้นยาสูบทำจากใบยาที่ปลูกและหั่นเองและขายให้ผู้ประกอบอุตสาหกรรมยาสูบ,10000.0000,2566-08-11T00:00:00
285,2565,มีนาคม,ภาษียาสูบ,ยาสูบ,ยาเส้นปรุง,209622.8200,2566-08-11T00:00:00
286,2565,มีนาคม,ภาษียาสูบ,ยาสูบ,ยาเส้นอื่น นอกจาก (ก),74895694.9000,2566-08-11T00:00:00
287,2565,มีนาคม,ภาษียาสูบ,ยาสูบ,ยาเส้นอื่น นอกจาก (ก) อื่นๆ นอกจาก (1),36750.0000,2566-08-11T00:00:00
288,2565,เมษายน,ภาษียาสูบ,ยาสูบ,ซิการ์,2220033.7400,2566-08-11T00:00:00
289,2565,เมษายน,ภาษียาสูบ,ยาสูบ,บุหรี่ซิกาแรตที่มีราคาขายปลีกแนะนำเกินซองละ 72 บาท,179425512.0000,2566-08-11T00:00:00
290,2565,เมษายน,ภาษียาสูบ,ยาสูบ,บุหรี่ซิกาแรตที่มีราคาขายปลีกแนะนำไม่เกินซองละ 72 บาท,4767092541.5000,2566-08-11T00:00:00
291,2565,เมษายน,ภาษียาสูบ,ยาสูบ,บุหรี่อื่น,775750.0000,2566-08-11T00:00:00
292,2565,เมษายน,ภาษียาสูบ,ยาสูบ,ยาเคี้ยว,480110.0000,2566-08-11T00:00:00
293,2565,เมษายน,ภาษียาสูบ,ยาสูบ,ยาเส้นที่ผลิตเพื่อขายเป็นวัตถุดิบให้แก่ผู้ประกอบอุสาหกรรมยาสูบโดยตรงหรือขายผ่านผู้ค้าคนกลางตามหลักเกณฑ์ วิธีการ และเงื่อนไขที่อธิบดีประกาศกำหนด,2500.0000,2566-08-11T00:00:00
294,2565,เมษายน,ภาษียาสูบ,ยาสูบ,ยาเส้นที่ผู้เพาะปลูกต้นยาสูบทำจากใบยาที่ปลูกและหั่นเองและขายให้ผู้ประกอบอุตสาหกรรมยาสูบ,5000.0000,2566-08-11T00:00:00
295,2565,เมษายน,ภาษียาสูบ,ยาสูบ,ยาเส้นปรุง,1129418.0800,2566-08-11T00:00:00
296,2565,เมษายน,ภาษียาสูบ,ยาสูบ,ยาเส้นอื่น นอกจาก (ก),75236661.9500,2566-08-11T00:00:00
297,2565,เมษายน,ภาษียาสูบ,ยาสูบ,ยาเส้นอื่น นอกจาก (ก) อื่นๆ นอกจาก (1),117500.0000,2566-08-11T00:00:00
298,2565,พฤษภาคม,ภาษียาสูบ,ยาสูบ,ซิการ์,1748218.8400,2566-08-11T00:00:00
299,2565,พฤษภาคม,ภาษียาสูบ,ยาสูบ,บุหรี่ซิกาแรตที่มีราคาขายปลีกแนะนำเกินซองละ 72 บาท,381002430.0000,2566-08-11T00:00:00
300,2565,พฤษภาคม,ภาษียาสูบ,ยาสูบ,บุหรี่ซิกาแรตที่มีราคาขายปลีกแนะนำไม่เกินซองละ 72 บาท,4294235769.0000,2566-08-11T00:00:00
301,2565,พฤษภาคม,ภาษียาสูบ,ยาสูบ,บุหรี่อื่น,593150.0000,2566-08-11T00:00:00
302,2565,พฤษภาคม,ภาษียาสูบ,ยาสูบ,ยาสูบ,110.0000,2566-08-11T00:00:00
303,2565,พฤษภาคม,ภาษียาสูบ,ยาสูบ,ยาเคี้ยว,489039.0000,2566-08-11T00:00:00
304,2565,พฤษภาคม,ภาษียาสูบ,ยาสูบ,ยาเส้นที่ผู้เพาะปลูกต้นยาสูบทำจากใบยาที่ปลูกและหั่นเองและขายให้ผู้ประกอบอุตสาหกรรมยาสูบ,2500.0000,2566-08-11T00:00:00
305,2565,พฤษภาคม,ภาษียาสูบ,ยาสูบ,ยาเส้นปรุง,1946214.4200,2566-08-11T00:00:00
306,2565,พฤษภาคม,ภาษียาสูบ,ยาสูบ,ยาเส้นอื่น นอกจาก (ก),93590866.0000,2566-08-11T00:00:00
307,2565,พฤษภาคม,ภาษียาสูบ,ยาสูบ,ยาเส้นอื่น นอกจาก (ก) อื่นๆ นอกจาก (1),19312.5000,2566-08-11T00:00:00
308,2565,มิถุนายน,ภาษียาสูบ,ยาสูบ,ซิการ์,1128873.1800,2566-08-11T00:00:00
309,2565,มิถุนายน,ภาษียาสูบ,ยาสูบ,บุหรี่ซิกาแรตที่มีราคาขายปลีกแนะนำเกินซองละ 72 บาท,416335648.0000,2566-08-11T00:00:00
310,2565,มิถุนายน,ภาษียาสูบ,ยาสูบ,บุหรี่ซิกาแรตที่มีราคาขายปลีกแนะนำไม่เกินซองละ 72 บาท,4736789140.0000,2566-08-11T00:00:00
311,2565,มิถุนายน,ภาษียาสูบ,ยาสูบ,บุหรี่อื่น,769650.0000,2566-08-11T00:00:00
312,2565,มิถุนายน,ภาษียาสูบ,ยาสูบ,ยาสูบ,174859.2400,2566-08-11T00:00:00
313,2565,มิถุนายน,ภาษียาสูบ,ยาสูบ,ยาเคี้ยว,496960.0000,2566-08-11T00:00:00
314,2565,มิถุนายน,ภาษียาสูบ,ยาสูบ,ยาเส้นที่ผู้เพาะปลูกต้นยาสูบทำจากใบยาที่ปลูกและหั่นเองและขายให้ผู้ประกอบอุตสาหกรรมยาสูบ,5000.0000,2566-08-11T00:00:00
315,2565,มิถุนายน,ภาษียาสูบ,ยาสูบ,ยาเส้นปรุง,66974.6800,2566-08-11T00:00:00
316,2565,มิถุนายน,ภาษียาสูบ,ยาสูบ,ยาเส้นอื่น นอกจาก (ก),88123275.0400,2566-08-11T00:00:00
317,2565,มิถุนายน,ภาษียาสูบ,ยาสูบ,ยาเส้นอื่น นอกจาก (ก) อื่นๆ นอกจาก (1),18940.0000,2566-08-11T00:00:00
318,2565,กรกฏาคม,ภาษียาสูบ,ยาสูบ,ซิการ์,3197480.5300,2566-08-11T00:00:00
319,2565,กรกฏาคม,ภาษียาสูบ,ยาสูบ,บุหรี่ซิกาแรตที่มีราคาขายปลีกแนะนำเกินซองละ 72 บาท,449890168.0000,2566-08-11T00:00:00
320,2565,กรกฏาคม,ภาษียาสูบ,ยาสูบ,บุหรี่ซิกาแรตที่มีราคาขายปลีกแนะนำไม่เกินซองละ 72 บาท,3609289868.7500,2566-08-11T00:00:00
321,2565,กรกฏาคม,ภาษียาสูบ,ยาสูบ,บุหรี่อื่น,911550.0000,2566-08-11T00:00:00
322,2565,กรกฏาคม,ภาษียาสูบ,ยาสูบ,ยาสูบ,229.0500,2566-08-11T00:00:00
323,2565,กรกฏาคม,ภาษียาสูบ,ยาสูบ,ยาเคี้ยว,464710.0000,2566-08-11T00:00:00
324,2565,กรกฏาคม,ภาษียาสูบ,ยาสูบ,ยาเส้นที่ผู้เพาะปลูกต้นยาสูบทำจากใบยาที่ปลูกและหั่นเองและขายให้ผู้ประกอบอุตสาหกรรมยาสูบ,5000.0000,2566-08-11T00:00:00
325,2565,กรกฏาคม,ภาษียาสูบ,ยาสูบ,ยาเส้นปรุง,106448.9300,2566-08-11T00:00:00
326,2565,กรกฏาคม,ภาษียาสูบ,ยาสูบ,ยาเส้นอื่น นอกจาก (ก),87925649.5000,2566-08-11T00:00:00
327,2565,กรกฏาคม,ภาษียาสูบ,ยาสูบ,ยาเส้นอื่น นอกจาก (ก) อื่นๆ นอกจาก (1),86750.0000,2566-08-11T00:00:00
328,2565,สิงหาคม,ภาษียาสูบ,ยาสูบ,ซิการ์,3327725.2000,2566-08-11T00:00:00
329,2565,สิงหาคม,ภาษียาสูบ,ยาสูบ,บุหรี่ซิกาแรตที่มีราคาขายปลีกแนะนำเกินซองละ 72 บาท,354279048.0000,2566-08-11T00:00:00
330,2565,สิงหาคม,ภาษียาสูบ,ยาสูบ,บุหรี่ซิกาแรตที่มีราคาขายปลีกแนะนำไม่เกินซองละ 72 บาท,4755974588.7800,2566-08-11T00:00:00
331,2565,สิงหาคม,ภาษียาสูบ,ยาสูบ,บุหรี่อื่น,705300.0000,2566-08-11T00:00:00
332,2565,สิงหาคม,ภาษียาสูบ,ยาสูบ,ยาเคี้ยว,392932.0000,2566-08-11T00:00:00
333,2565,สิงหาคม,ภาษียาสูบ,ยาสูบ,ยาเส้นที่ผู้เพาะปลูกต้นยาสูบทำจากใบยาที่ปลูกและหั่นเองและขายให้ผู้ประกอบอุตสาหกรรมยาสูบ,2500.0000,2566-08-11T00:00:00
334,2565,สิงหาคม,ภาษียาสูบ,ยาสูบ,ยาเส้นปรุง,1621665.1800,2566-08-11T00:00:00
335,2565,สิงหาคม,ภาษียาสูบ,ยาสูบ,ยาเส้นอื่น นอกจาก (ก),103696258.4000,2566-08-11T00:00:00
336,2565,สิงหาคม,ภาษียาสูบ,ยาสูบ,ยาเส้นอื่น นอกจาก (ก) อื่นๆ นอกจาก (1),18750.0000,2566-08-11T00:00:00
337,2565,กันยายน,ภาษียาสูบ,ยาสูบ,ซิการ์,3631672.7000,2566-08-11T00:00:00
338,2565,กันยายน,ภาษียาสูบ,ยาสูบ,บุหรี่ซิกาแรตที่มีราคาขายปลีกแนะนำเกินซองละ 72 บาท,368724909.0000,2566-08-11T00:00:00
339,2565,กันยายน,ภาษียาสูบ,ยาสูบ,บุหรี่ซิกาแรตที่มีราคาขายปลีกแนะนำไม่เกินซองละ 72 บาท,4542589936.0000,2566-08-11T00:00:00
340,2565,กันยายน,ภาษียาสูบ,ยาสูบ,บุหรี่อื่น,796400.0000,2566-08-11T00:00:00
341,2565,กันยายน,ภาษียาสูบ,ยาสูบ,ยาเคี้ยว,448471.2000,2566-08-11T00:00:00
342,2565,กันยายน,ภาษียาสูบ,ยาสูบ,ยาเส้นที่ผู้เพาะปลูกต้นยาสูบทำจากใบยาที่ปลูกและหั่นเองและขายให้ผู้ประกอบอุตสาหกรรมยาสูบ,10000.0000,2566-08-11T00:00:00
343,2565,กันยายน,ภาษียาสูบ,ยาสูบ,ยาเส้นปรุง,2093446.3200,2566-08-11T00:00:00
344,2565,กันยายน,ภาษียาสูบ,ยาสูบ,ยาเส้นอื่น นอกจาก (ก),91684757.2500,2566-08-11T00:00:00
345,2565,กันยายน,ภาษียาสูบ,ยาสูบ,ยาเส้นอื่น นอกจาก (ก) อื่นๆ นอกจาก (1),15500.0000,2566-08-11T00:00:00
346,2566,ตุลาคม,ภาษียาสูบ,ยาสูบ,ซิการ์,4347862.4100,2566-08-11T00:00:00
347,2566,ตุลาคม,ภาษียาสูบ,ยาสูบ,บุหรี่ซิกาแรตที่มีราคาขายปลีกแนะนำเกินซองละ 72 บาท,428776886.0000,2566-08-11T00:00:00
348,2566,ตุลาคม,ภาษียาสูบ,ยาสูบ,บุหรี่ซิกาแรตที่มีราคาขายปลีกแนะนำไม่เกินซองละ 72 บาท,4336761200.0000,2566-08-11T00:00:00
349,2566,ตุลาคม,ภาษียาสูบ,ยาสูบ,บุหรี่อื่น,719400.0000,2566-08-11T00:00:00
350,2566,ตุลาคม,ภาษียาสูบ,ยาสูบ,ยาสูบ,6300.0000,2566-08-11T00:00:00
351,2566,ตุลาคม,ภาษียาสูบ,ยาสูบ,ยาเคี้ยว,479109.0000,2566-08-11T00:00:00
352,2566,ตุลาคม,ภาษียาสูบ,ยาสูบ,ยาเส้นที่ผู้เพาะปลูกต้นยาสูบทำจากใบยาที่ปลูกและหั่นเองและขายให้ผู้ประกอบอุตสาหกรรมยาสูบ,5000.0000,2566-08-11T00:00:00
353,2566,ตุลาคม,ภาษียาสูบ,ยาสูบ,ยาเส้นปรุง,1070634.5700,2566-08-11T00:00:00
354,2566,ตุลาคม,ภาษียาสูบ,ยาสูบ,ยาเส้นอื่น นอกจาก (ก),71816812.7500,2566-08-11T00:00:00
355,2566,ตุลาคม,ภาษียาสูบ,ยาสูบ,ยาเส้นอื่น นอกจาก (ก) อื่นๆ นอกจาก (1),18000.0000,2566-08-11T00:00:00
356,2566,พฤศจิกายน,ภาษียาสูบ,ยาสูบ,ซิการ์,4523458.0400,2566-08-11T00:00:00
357,2566,พฤศจิกายน,ภาษียาสูบ,ยาสูบ,บุหรี่ซิกาแรตที่มีราคาขายปลีกแนะนำเกินซองละ 72 บาท,309470152.0000,2566-08-11T00:00:00
358,2566,พฤศจิกายน,ภาษียาสูบ,ยาสูบ,บุหรี่ซิกาแรตที่มีราคาขายปลีกแนะนำไม่เกินซองละ 72 บาท,4546832500.0000,2566-08-11T00:00:00
359,2566,พฤศจิกายน,ภาษียาสูบ,ยาสูบ,บุหรี่อื่น,688150.0000,2566-08-11T00:00:00
360,2566,พฤศจิกายน,ภาษียาสูบ,ยาสูบ,ยาเคี้ยว,479914.4000,2566-08-11T00:00:00
361,2566,พฤศจิกายน,ภาษียาสูบ,ยาสูบ,ยาเส้นปรุง,1309822.9800,2566-08-11T00:00:00
362,2566,พฤศจิกายน,ภาษียาสูบ,ยาสูบ,ยาเส้นอื่น นอกจาก (ก),88891734.3000,2566-08-11T00:00:00
363,2566,ธันวาคม,ภาษียาสูบ,ยาสูบ,ซิการ์,569471.5000,2566-08-11T00:00:00
364,2566,ธันวาคม,ภาษียาสูบ,ยาสูบ,บุหรี่ซิกาแรตที่มีราคาขายปลีกแนะนำเกินซองละ 72 บาท,450965617.9000,2566-08-11T00:00:00
365,2566,ธันวาคม,ภาษียาสูบ,ยาสูบ,บุหรี่ซิกาแรตที่มีราคาขายปลีกแนะนำไม่เกินซองละ 72 บาท,3462284525.0000,2566-08-11T00:00:00
366,2566,ธันวาคม,ภาษียาสูบ,ยาสูบ,บุหรี่อื่น,670900.0000,2566-08-11T00:00:00
367,2566,ธันวาคม,ภาษียาสูบ,ยาสูบ,ยาสูบ,1663.1600,2566-08-11T00:00:00
368,2566,ธันวาคม,ภาษียาสูบ,ยาสูบ,ยาเคี้ยว,538676.4000,2566-08-11T00:00:00
369,2566,ธันวาคม,ภาษียาสูบ,ยาสูบ,ยาเส้นปรุง,254357.2700,2566-08-11T00:00:00
370,2566,ธันวาคม,ภาษียาสูบ,ยาสูบ,ยาเส้นอื่น นอกจาก (ก),89245354.4800,2566-08-11T00:00:00
371,2566,ธันวาคม,ภาษียาสูบ,ยาสูบ,ยาเส้นอื่น นอกจาก (ก) อื่นๆ นอกจาก (1),12500.0000,2566-08-11T00:00:00
372,2566,มกราคม,ภาษียาสูบ,ยาสูบ,ซิการ์,1402323.4500,2566-08-11T00:00:00
373,2566,มกราคม,ภาษียาสูบ,ยาสูบ,บุหรี่ซิกาแรตที่มีราคาขายปลีกแนะนำเกินซองละ 72 บาท,482346976.0000,2566-08-11T00:00:00
374,2566,มกราคม,ภาษียาสูบ,ยาสูบ,บุหรี่ซิกาแรตที่มีราคาขายปลีกแนะนำไม่เกินซองละ 72 บาท,5689049300.0000,2566-08-11T00:00:00
375,2566,มกราคม,ภาษียาสูบ,ยาสูบ,บุหรี่อื่น,936800.0000,2566-08-11T00:00:00
376,2566,มกราคม,ภาษียาสูบ,ยาสูบ,ยาสูบ,121.2400,2566-08-11T00:00:00
377,2566,มกราคม,ภาษียาสูบ,ยาสูบ,ยาเคี้ยว,533104.0000,2566-08-11T00:00:00
378,2566,มกราคม,ภาษียาสูบ,ยาสูบ,ยาเส้นปรุง,2302149.5600,2566-08-11T00:00:00
379,2566,มกราคม,ภาษียาสูบ,ยาสูบ,ยาเส้นอื่น นอกจาก (ก),90611026.0100,2566-08-11T00:00:00
380,2566,มกราคม,ภาษียาสูบ,ยาสูบ,ยาเส้นอื่น นอกจาก (ก) อื่นๆ นอกจาก (1),13750.0000,2566-08-11T00:00:00
381,2566,กุมภาพันธ์,ภาษียาสูบ,ยาสูบ,ซิการ์,1599652.3200,2566-08-11T00:00:00
382,2566,กุมภาพันธ์,ภาษียาสูบ,ยาสูบ,บุหรี่ซิกาแรตที่มีราคาขายปลีกแนะนำเกินซองละ 72 บาท,420631894.2400,2566-08-11T00:00:00
383,2566,กุมภาพันธ์,ภาษียาสูบ,ยาสูบ,บุหรี่ซิกาแรตที่มีราคาขายปลีกแนะนำไม่เกินซองละ 72 บาท,4582515054.0000,2566-08-11T00:00:00
384,2566,กุมภาพันธ์,ภาษียาสูบ,ยาสูบ,บุหรี่อื่น,614550.0000,2566-08-11T00:00:00
385,2566,กุมภาพันธ์,ภาษียาสูบ,ยาสูบ,ยาสูบ,29811.3700,2566-08-11T00:00:00
386,2566,กุมภาพันธ์,ภาษียาสูบ,ยาสูบ,ยาเคี้ยว,594210.8000,2566-08-11T00:00:00
387,2566,กุมภาพันธ์,ภาษียาสูบ,ยาสูบ,ยาเส้นปรุง,182382.7400,2566-08-11T00:00:00
388,2566,กุมภาพันธ์,ภาษียาสูบ,ยาสูบ,ยาเส้นอื่น นอกจาก (ก),80546471.0300,2566-08-11T00:00:00
389,2566,กุมภาพันธ์,ภาษียาสูบ,ยาสูบ,ยาเส้นอื่น นอกจาก (ก) อื่นๆ นอกจาก (1),17500.0000,2566-08-11T00:00:00
390,2566,มีนาคม,ภาษียาสูบ,ยาสูบ,ซิการ์,2633479.3100,2566-08-11T00:00:00
391,2566,มีนาคม,ภาษียาสูบ,ยาสูบ,บุหรี่ซิกาแรตที่มีราคาขายปลีกแนะนำเกินซองละ 72 บาท,520247790.0000,2566-08-11T00:00:00
392,2566,มีนาคม,ภาษียาสูบ,ยาสูบ,บุหรี่ซิกาแรตที่มีราคาขายปลีกแนะนำไม่เกินซองละ 72 บาท,4809107900.0000,2566-08-11T00:00:00
393,2566,มีนาคม,ภาษียาสูบ,ยาสูบ,บุหรี่อื่น,631850.0000,2566-08-11T00:00:00
394,2566,มีนาคม,ภาษียาสูบ,ยาสูบ,ยาสูบ,7894.2400,2566-08-11T00:00:00
395,2566,มีนาคม,ภาษียาสูบ,ยาสูบ,ยาเคี้ยว,542115.6000,2566-08-11T00:00:00
396,2566,มีนาคม,ภาษียาสูบ,ยาสูบ,ยาเส้นปรุง,207671.4400,2566-08-11T00:00:00
397,2566,มีนาคม,ภาษียาสูบ,ยาสูบ,ยาเส้นอื่น นอกจาก (ก),95084866.6600,2566-08-11T00:00:00
398,2566,มีนาคม,ภาษียาสูบ,ยาสูบ,ยาเส้นอื่น นอกจาก (ก) อื่นๆ นอกจาก (1),28000.0000,2566-08-11T00:00:00
399,2566,เมษายน,ภาษียาสูบ,ยาสูบ,ซิการ์,2497921.3000,2566-08-11T00:00:00
400,2566,เมษายน,ภาษียาสูบ,ยาสูบ,บุหรี่ซิกาแรตที่มีราคาขายปลีกแนะนำเกินซองละ 72 บาท,418087480.0000,2566-08-11T00:00:00
401,2566,เมษายน,ภาษียาสูบ,ยาสูบ,บุหรี่ซิกาแรตที่มีราคาขายปลีกแนะนำไม่เกินซองละ 72 บาท,3868352550.0000,2566-08-11T00:00:00
402,2566,เมษายน,ภาษียาสูบ,ยาสูบ,บุหรี่อื่น,799400.0000,2566-08-11T00:00:00
403,2566,เมษายน,ภาษียาสูบ,ยาสูบ,ยาสูบ,17773.0500,2566-08-11T00:00:00
404,2566,เมษายน,ภาษียาสูบ,ยาสูบ,ยาเคี้ยว,533217.2000,2566-08-11T00:00:00
405,2566,เมษายน,ภาษียาสูบ,ยาสูบ,ยาเส้นปรุง,1115663.1300,2566-08-11T00:00:00
406,2566,เมษายน,ภาษียาสูบ,ยาสูบ,ยาเส้นอื่น นอกจาก (ก),72755535.2000,2566-08-11T00:00:00
407,2566,เมษายน,ภาษียาสูบ,ยาสูบ,ยาเส้นอื่น นอกจาก (ก) อื่นๆ นอกจาก (1),6750.0000,2566-08-11T00:00:00
408,2566,พฤษภาคม,ภาษียาสูบ,ยาสูบ,ซิการ์,2356587.2900,2566-08-11T00:00:00
409,2566,พฤษภาคม,ภาษียาสูบ,ยาสูบ,บุหรี่ซิกาแรตที่มีราคาขายปลีกแนะนำเกินซองละ 72 บาท,405620312.0000,2566-08-11T00:00:00
410,2566,พฤษภาคม,ภาษียาสูบ,ยาสูบ,บุหรี่ซิกาแรตที่มีราคาขายปลีกแนะนำไม่เกินซองละ 72 บาท,3982401704.0000,2566-08-11T00:00:00
411,2566,พฤษภาคม,ภาษียาสูบ,ยาสูบ,บุหรี่อื่น,669000.0000,2566-08-11T00:00:00
412,2566,พฤษภาคม,ภาษียาสูบ,ยาสูบ,ยาเคี้ยว,530655.0000,2566-08-11T00:00:00
413,2566,พฤษภาคม,ภาษียาสูบ,ยาสูบ,ยาเส้นปรุง,3478428.4000,2566-08-11T00:00:00
414,2566,พฤษภาคม,ภาษียาสูบ,ยาสูบ,ยาเส้นอื่น นอกจาก (ก),99914998.1300,2566-08-11T00:00:00
415,2566,พฤษภาคม,ภาษียาสูบ,ยาสูบ,ยาเส้นอื่น นอกจาก (ก) อื่นๆ นอกจาก (1),31375.0000,2566-08-11T00:00:00
416,2566,มิถุนายน,ภาษียาสูบ,ยาสูบ,ซิการ์,4213708.5700,2566-08-11T00:00:00
417,2566,มิถุนายน,ภาษียาสูบ,ยาสูบ,บุหรี่ซิกาแรตที่มีราคาขายปลีกแนะนำเกินซองละ 72 บาท,186924457.0000,2566-08-11T00:00:00
418,2566,มิถุนายน,ภาษียาสูบ,ยาสูบ,บุหรี่ซิกาแรตที่มีราคาขายปลีกแนะนำไม่เกินซองละ 72 บาท,4943778517.0000,2566-08-11T00:00:00
419,2566,มิถุนายน,ภาษียาสูบ,ยาสูบ,บุหรี่อื่น,728450.0000,2566-08-11T00:00:00
420,2566,มิถุนายน,ภาษียาสูบ,ยาสูบ,ยาสูบ,41976.0000,2566-08-11T00:00:00
421,2566,มิถุนายน,ภาษียาสูบ,ยาสูบ,ยาเคี้ยว,587381.8000,2566-08-11T00:00:00
422,2566,มิถุนายน,ภาษียาสูบ,ยาสูบ,ยาเส้นปรุง,2525780.6000,2566-08-11T00:00:00
423,2566,มิถุนายน,ภาษียาสูบ,ยาสูบ,ยาเส้นอื่น นอกจาก (ก),104362829.9000,2566-08-11T00:00:00
424,2566,มิถุนายน,ภาษียาสูบ,ยาสูบ,ยาเส้นอื่น นอกจาก (ก) อื่นๆ นอกจาก (1),11250.0000,2566-08-11T00:00:00
425,2566,กรกฏาคม,ภาษียาสูบ,ยาสูบ,ซิการ์,2882504.0200,2566-08-11T00:00:00
426,2566,กรกฏาคม,ภาษียาสูบ,ยาสูบ,บุหรี่ซิกาแรตที่มีราคาขายปลีกแนะนำเกินซองละ 72 บาท,327951290.4200,2566-08-11T00:00:00
427,2566,กรกฏาคม,ภาษียาสูบ,ยาสูบ,บุหรี่ซิกาแรตที่มีราคาขายปลีกแนะนำไม่เกินซองละ 72 บาท,4639489236.4500,2566-08-11T00:00:00
428,2566,กรกฏาคม,ภาษียาสูบ,ยาสูบ,บุหรี่อื่น,573100.0000,2566-08-11T00:00:00
429,2566,กรกฏาคม,ภาษียาสูบ,ยาสูบ,ยาเคี้ยว,549992.4000,2566-08-11T00:00:00
430,2566,กรกฏาคม,ภาษียาสูบ,ยาสูบ,ยาเส้นปรุง,124721.0600,2566-08-11T00:00:00
431,2566,กรกฏาคม,ภาษียาสูบ,ยาสูบ,ยาเส้นอื่น นอกจาก (ก),90842516.7500,2566-08-11T00:00:00
432,2566,กรกฏาคม,ภาษียาสูบ,ยาสูบ,ยาเส้นอื่น นอกจาก (ก) อื่นๆ นอกจาก (1),13045.0000,2566-08-11T00:00:00
433,2566,สิงหาคม,ภาษียาสูบ,ยาสูบ,ซิการ์,4861016.7300,2566-08-11T00:00:00
434,2566,สิงหาคม,ภาษียาสูบ,ยาสูบ,บุหรี่ซิกาแรตที่มีราคาขายปลีกแนะนำเกินซองละ 72 บาท,32080008.0000,2566-08-11T00:00:00
435,2566,สิงหาคม,ภาษียาสูบ,ยาสูบ,บุหรี่ซิกาแรตที่มีราคาขายปลีกแนะนำไม่เกินซองละ 72 บาท,1092690365.0200,2566-08-11T00:00:00
436,2566,สิงหาคม,ภาษียาสูบ,ยาสูบ,บุหรี่อื่น,299200.0000,2566-08-11T00:00:00
437,2566,สิงหาคม,ภาษียาสูบ,ยาสูบ,ยาสูบ,216.0000,2566-08-11T00:00:00
438,2566,สิงหาคม,ภาษียาสูบ,ยาสูบ,ยาเคี้ยว,183080.0000,2566-08-11T00:00:00
439,2566,สิงหาคม,ภาษียาสูบ,ยาสูบ,ยาเส้นปรุง,34450.0000,2566-08-11T00:00:00
440,2566,สิงหาคม,ภาษียาสูบ,ยาสูบ,ยาเส้นอื่น นอกจาก (ก),47027197.0000,2566-08-11T00:00:00
441,2566,สิงหาคม,ภาษียาสูบ,ยาสูบ,ยาเส้นอื่น นอกจาก (ก) อื่นๆ นอกจาก (1),12500.0000,2566-08-11T00:00:00
